,Knot Type,Replica #,Correlation Fraction,Correlation Score,Representation
0,$3_1$,0,0.36772,1.667029261,Random Probability
1,$3_1$,1,0.501062,1.187477797,Random Probability
2,$3_1$,2,0.495126,1.229989942,Random Probability
3,$3_1$,3,0.46,1.647826087,Random Probability
4,$3_1$,4,0.360182,2.190559217,Random Probability
5,$3_1$,5,0.505614,1.279632289,Random Probability
6,$3_1$,6,0.423788,1.404003889,Random Probability
7,$3_1$,7,0.585736,0.88094295,Random Probability
8,$3_1$,8,0.505222,1.074775049,Random Probability
9,$3_1$,9,0.530246,1.235275702,Random Probability
10,$3_1$,10,0.528428,1.16382932,Random Probability
11,$3_1$,11,0.434814,1.320104688,Random Probability
12,$3_1$,12,0.521738,1.219002641,Random Probability
13,$3_1$,13,0.355728,1.875028111,Random Probability
14,$3_1$,14,0.505204,1.405372879,Random Probability
15,$3_1$,15,0.514224,1.553797567,Random Probability
16,$3_1$,16,0.51935,1.091749302,Random Probability
17,$3_1$,17,0.333644,2.04709211,Random Probability
18,$3_1$,18,0.402992,1.593083734,Random Probability
19,$3_1$,19,0.460978,1.431738608,Random Probability
20,$3_1$,20,0.523536,0.991335839,Random Probability
21,$3_1$,21,0.58389,1.09952217,Random Probability
22,$3_1$,22,0.4858,1.434746809,Random Probability
23,$3_1$,23,0.483372,1.160596807,Random Probability
24,$3_1$,24,0.397408,1.919941219,Random Probability
25,$3_1$,25,0.384224,1.918151911,Random Probability
26,$3_1$,26,0.49303,1.1216356,Random Probability
27,$3_1$,27,0.50201,1.356546682,Random Probability
28,$3_1$,28,0.490594,1.178163614,Random Probability
29,$3_1$,29,0.494908,1.345704656,Random Probability
30,$3_1$,30,0.465556,1.372552389,Random Probability
31,$3_1$,31,0.536478,0.950644761,Random Probability
32,$3_1$,32,0.404624,1.3963581,Random Probability
33,$3_1$,33,0.487358,1.374759417,Random Probability
34,$3_1$,34,0.535386,1.398990635,Random Probability
35,$3_1$,35,0.552376,1.04276797,Random Probability
36,$3_1$,36,0.52357,1.585270355,Random Probability
37,$3_1$,37,0.46894,1.16219559,Random Probability
38,$3_1$,38,0.400208,1.40676848,Random Probability
39,$3_1$,39,0.506278,1.183144438,Random Probability
40,$3_1$,40,0.533726,1.19911715,Random Probability
41,$3_1$,41,0.312826,2.391105599,Random Probability
42,$3_1$,42,0.560834,1.194649397,Random Probability
43,$3_1$,43,0.526346,0.96324471,Random Probability
44,$3_1$,44,0.550742,1.044046032,Random Probability
45,$3_1$,45,0.586732,0.930578186,Random Probability
46,$3_1$,46,0.523464,0.662891813,Random Probability
47,$3_1$,47,0.49261,0.980491667,Random Probability
48,$3_1$,48,0.60275,1.020323517,Random Probability
49,$3_1$,49,0.516494,0.977746111,Random Probability
50,$3_1$,50,0.529764,1.192984046,Random Probability
51,$3_1$,51,0.526902,1.152016884,Random Probability
52,$3_1$,52,0.43112,1.438114678,Random Probability
53,$3_1$,53,0.528186,1.011007486,Random Probability
54,$3_1$,54,0.524274,1.384772085,Random Probability
55,$3_1$,55,0.281034,3.170434894,Random Probability
56,$3_1$,56,0.327452,2.244603789,Random Probability
57,$3_1$,57,0.386298,1.41082791,Random Probability
58,$3_1$,58,0.527494,1.072997987,Random Probability
59,$3_1$,59,0.515708,1.18090082,Random Probability
60,$3_1$,60,0.496168,1.348333629,Random Probability
61,$3_1$,61,0.524132,1.240145612,Random Probability
62,$3_1$,62,0.469486,1.086294373,Random Probability
63,$3_1$,63,0.401166,1.635233295,Random Probability


64,$5_1$,0,0.533018,1.639719484,Random Probability
65,$5_1$,1,0.642196,1.284654529,Random Probability
66,$5_1$,2,0.53179,1.617179714,Random Probability
67,$5_1$,3,0.612892,1.395025551,Random Probability
68,$5_1$,4,0.572274,1.410163663,Random Probability
69,$5_1$,5,0.547954,1.682622994,Random Probability
70,$5_1$,6,0.651206,1.156316127,Random Probability
71,$5_1$,7,0.575346,1.338325112,Random Probability
72,$5_1$,8,0.63315,1.228776751,Random Probability
73,$5_1$,9,0.65195,1.260832886,Random Probability
74,$5_1$,10,0.628112,1.350077693,Random Probability
75,$5_1$,11,0.65825,1.165210786,Random Probability
76,$5_1$,12,0.595526,1.355104563,Random Probability
77,$5_1$,13,0.612384,1.265545801,Random Probability
78,$5_1$,14,0.661342,1.08869541,Random Probability
79,$5_1$,15,0.64137,0.94797075,Random Probability
80,$5_1$,16,0.535786,1.564057292,Random Probability
81,$5_1$,17,0.67278,1.16977318,Random Probability
82,$5_1$,18,0.55009,1.603373993,Random Probability
83,$5_1$,19,0.61061,1.347832495,Random Probability
84,$5_1$,20,0.643466,1.13603516,Random Probability
85,$5_1$,21,0.676422,1.102861823,Random Probability
86,$5_1$,22,0.531242,1.558611706,Random Probability
87,$5_1$,23,0.624332,1.292581511,Random Probability
88,$5_1$,24,0.65162,1.193947393,Random Probability
89,$5_1$,25,0.63593,1.188810089,Random Probability
90,$5_1$,26,0.556472,1.583188372,Random Probability
91,$5_1$,27,0.619404,1.2140703,Random Probability
92,$5_1$,28,0.630446,1.227702293,Random Probability
93,$5_1$,29,0.634384,1.298897828,Random Probability
94,$5_1$,30,0.62034,1.205790373,Random Probability
95,$5_1$,31,0.604104,1.418629905,Random Probability
96,$5_1$,32,0.667208,1.127084807,Random Probability
97,$5_1$,33,0.63857,1.259063219,Random Probability
98,$5_1$,34,0.617192,1.331838391,Random Probability
99,$5_1$,35,0.660012,1.184826943,Random Probability
100,$5_1$,36,0.579628,1.620004555,Random Probability
101,$5_1$,37,0.618022,1.26694519,Random Probability
102,$5_1$,38,0.676532,1.241626412,Random Probability
103,$5_1$,39,0.592298,1.273007844,Random Probability
104,$5_1$,40,0.642582,1.324344597,Random Probability
105,$5_1$,41,0.648906,1.285240081,Random Probability
106,$5_1$,42,0.491402,1.798934477,Random Probability
107,$5_1$,43,0.667316,1.306727248,Random Probability
108,$5_1$,44,0.620584,1.366454823,Random Probability
109,$5_1$,45,0.598068,1.162075216,Random Probability
110,$5_1$,46,0.627864,1.167450276,Random Probability
111,$5_1$,47,0.585802,1.421982171,Random Probability
112,$5_1$,48,0.541954,1.60345712,Random Probability
113,$5_1$,49,0.64632,1.206832529,Random Probability
114,$5_1$,50,0.415956,2.057909971,Random Probability
115,$5_1$,51,0.65925,1.369738339,Random Probability
116,$5_1$,52,0.684158,1.252634625,Random Probability
117,$5_1$,53,0.527558,1.552435941,Random Probability
118,$5_1$,54,0.623708,1.431759734,Random Probability
119,$5_1$,55,0.615952,1.474140842,Random Probability
120,$5_1$,56,0.632076,1.321043672,Random Probability
121,$5_1$,57,0.590018,1.208437709,Random Probability
122,$5_1$,58,0.660852,1.215098086,Random Probability
123,$5_1$,59,0.615976,1.142901671,Random Probability
124,$5_1$,60,0.643346,1.358522475,Random Probability
125,$5_1$,61,0.62568,1.403273239,Random Probability
126,$5_1$,62,0.603666,1.401437219,Random Probability
127,$5_1$,63,0.659612,1.1734171,Random Probability


128,$7_1$,0,0.709326,1.157436778,Random Probability
129,$7_1$,1,0.727424,1.185003519,Random Probability
130,$7_1$,2,0.725182,1.129371661,Random Probability
131,$7_1$,3,0.702726,1.273611621,Random Probability
132,$7_1$,4,0.643084,1.349745912,Random Probability
133,$7_1$,5,0.708078,1.27104641,Random Probability
134,$7_1$,6,0.685556,1.305509688,Random Probability
135,$7_1$,7,0.652876,1.344818924,Random Probability
136,$7_1$,8,0.740106,1.16469803,Random Probability
137,$7_1$,9,0.699728,1.277639311,Random Probability
138,$7_1$,10,0.721264,1.147984649,Random Probability
139,$7_1$,11,0.718334,1.282133381,Random Probability
140,$7_1$,12,0.708388,1.317074823,Random Probability
141,$7_1$,13,0.739252,1.198508763,Random Probability
142,$7_1$,14,0.710308,1.295212781,Random Probability
143,$7_1$,15,0.700896,1.286924166,Random Probability
144,$7_1$,16,0.725804,1.240004188,Random Probability
145,$7_1$,17,0.734102,1.273664968,Random Probability
146,$7_1$,18,0.653774,1.408743694,Random Probability
147,$7_1$,19,0.69118,1.291993403,Random Probability
148,$7_1$,20,0.668386,1.419838237,Random Probability
149,$7_1$,21,0.685324,1.244666756,Random Probability
150,$7_1$,22,0.673244,1.414048993,Random Probability
151,$7_1$,23,0.707004,1.236202341,Random Probability
152,$7_1$,24,0.701634,1.316925919,Random Probability
153,$7_1$,25,0.711986,1.254238145,Random Probability
154,$7_1$,26,0.74413,1.292784863,Random Probability
155,$7_1$,27,0.726826,1.133696373,Random Probability
156,$7_1$,28,0.711784,1.227900599,Random Probability
157,$7_1$,29,0.702436,1.26417211,Random Probability
158,$7_1$,30,0.61514,1.445199467,Random Probability
159,$7_1$,31,0.728754,1.252823312,Random Probability
160,$7_1$,32,0.622856,1.509177081,Random Probability
161,$7_1$,33,0.683738,1.303130731,Random Probability
162,$7_1$,34,0.694914,1.154099644,Random Probability
163,$7_1$,35,0.743388,1.253719457,Random Probability
164,$7_1$,36,0.667522,1.408193288,Random Probability
165,$7_1$,37,0.74214,1.249090468,Random Probability
166,$7_1$,38,0.674366,1.370175839,Random Probability
167,$7_1$,39,0.702522,1.160106018,Random Probability
168,$7_1$,40,0.713714,1.279223891,Random Probability
169,$7_1$,41,0.699124,1.320223594,Random Probability
170,$7_1$,42,0.675414,1.366569245,Random Probability
171,$7_1$,43,0.660668,1.421288756,Random Probability
172,$7_1$,44,0.703322,1.343623547,Random Probability
173,$7_1$,45,0.705714,1.3489884,Random Probability
174,$7_1$,46,0.710502,1.259672738,Random Probability
175,$7_1$,47,0.73611,1.215850892,Random Probability
176,$7_1$,48,0.713688,1.275066976,Random Probability
177,$7_1$,49,0.707266,1.338958751,Random Probability
178,$7_1$,50,0.681722,1.305517498,Random Probability
179,$7_1$,51,0.728974,1.310060441,Random Probability
180,$7_1$,52,0.718916,1.301960173,Random Probability
181,$7_1$,53,0.699858,1.244538178,Random Probability
182,$7_1$,54,0.706408,1.339169432,Random Probability
183,$7_1$,55,0.730982,1.276365218,Random Probability
184,$7_1$,56,0.640462,1.361517155,Random Probability
185,$7_1$,57,0.543186,1.590615369,Random Probability
186,$7_1$,58,0.64777,1.347700573,Random Probability
187,$7_1$,59,0.723952,1.132671779,Random Probability
188,$7_1$,60,0.659082,1.288155343,Random Probability
189,$7_1$,61,0.674954,1.336387369,Random Probability
190,$7_1$,62,0.69587,1.306278472,Random Probability
191,$7_1$,63,0.705028,1.197115576,Random Probability


192,$8_{19}$,0,0.64414,1.403421616,Random Probability
193,$8_{19}$,1,0.67508,1.299105291,Random Probability
194,$8_{19}$,2,0.64735,1.289874102,Random Probability
195,$8_{19}$,3,0.667852,1.302683828,Random Probability
196,$8_{19}$,4,0.722804,1.06667921,Random Probability
197,$8_{19}$,5,0.661834,1.420295724,Random Probability
198,$8_{19}$,6,0.670368,1.360446799,Random Probability
199,$8_{19}$,7,0.689548,1.27039742,Random Probability
200,$8_{19}$,8,0.707924,1.213407089,Random Probability
201,$8_{19}$,9,0.67406,1.284752099,Random Probability
202,$8_{19}$,10,0.695808,1.194294978,Random Probability
203,$8_{19}$,11,0.653152,1.30597472,Random Probability
204,$8_{19}$,12,0.704806,1.251408189,Random Probability
205,$8_{19}$,13,0.56526,1.661182465,Random Probability
206,$8_{19}$,14,0.65672,1.346083567,Random Probability
207,$8_{19}$,15,0.652648,1.343756512,Random Probability
208,$8_{19}$,16,0.64959,1.436290583,Random Probability
209,$8_{19}$,17,0.665126,1.318547162,Random Probability
210,$8_{19}$,18,0.674604,1.187363253,Random Probability
211,$8_{19}$,19,0.647268,1.41363392,Random Probability
212,$8_{19}$,20,0.689604,1.280445009,Random Probability
213,$8_{19}$,21,0.678838,1.110721557,Random Probability
214,$8_{19}$,22,0.687156,1.171495265,Random Probability
215,$8_{19}$,23,0.680484,1.259397723,Random Probability
216,$8_{19}$,24,0.65421,1.32526253,Random Probability
217,$8_{19}$,25,0.684316,1.337101573,Random Probability
218,$8_{19}$,26,0.706588,1.026057618,Random Probability
219,$8_{19}$,27,0.61829,1.382846237,Random Probability
220,$8_{19}$,28,0.656794,1.347454453,Random Probability
221,$8_{19}$,29,0.67115,1.318632198,Random Probability
222,$8_{19}$,30,0.72546,1.075179886,Random Probability
223,$8_{19}$,31,0.618378,1.47159181,Random Probability
224,$8_{19}$,32,0.576952,1.596319971,Random Probability
225,$8_{19}$,33,0.716852,1.174579969,Random Probability
226,$8_{19}$,34,0.634722,1.44315149,Random Probability
227,$8_{19}$,35,0.695126,1.169572135,Random Probability
228,$8_{19}$,36,0.686608,1.200102533,Random Probability
229,$8_{19}$,37,0.673624,1.31082028,Random Probability
230,$8_{19}$,38,0.676918,1.3502374,Random Probability
231,$8_{19}$,39,0.67139,1.341991987,Random Probability
232,$8_{19}$,40,0.701486,1.24735205,Random Probability
233,$8_{19}$,41,0.694728,1.301228682,Random Probability
234,$8_{19}$,42,0.655586,1.215706254,Random Probability
235,$8_{19}$,43,0.71994,1.148706837,Random Probability
236,$8_{19}$,44,0.65111,1.343858949,Random Probability
237,$8_{19}$,45,0.685458,1.288189794,Random Probability
238,$8_{19}$,46,0.664492,1.313785569,Random Probability
239,$8_{19}$,47,0.639986,1.33440419,Random Probability
240,$8_{19}$,48,0.65345,1.242635244,Random Probability
241,$8_{19}$,49,0.648608,1.268871183,Random Probability
242,$8_{19}$,50,0.5757,1.578947368,Random Probability
243,$8_{19}$,51,0.673478,1.376436944,Random Probability
244,$8_{19}$,52,0.700628,1.14754192,Random Probability
245,$8_{19}$,53,0.662658,1.44116573,Random Probability
246,$8_{19}$,54,0.65925,1.374288965,Random Probability
247,$8_{19}$,55,0.657454,1.352185856,Random Probability
248,$8_{19}$,56,0.610952,1.543492778,Random Probability
249,$8_{19}$,57,0.632662,1.420979923,Random Probability
250,$8_{19}$,58,0.63768,1.486639067,Random Probability
251,$8_{19}$,59,0.669158,1.306119033,Random Probability
252,$8_{19}$,60,0.71973,1.000375141,Random Probability
253,$8_{19}$,61,0.66865,1.292155836,Random Probability
254,$8_{19}$,62,0.690382,1.274656639,Random Probability
255,$8_{19}$,63,0.66228,1.413299511,Random Probability


256,$3_1$,0,0.487,0.998012173,Local Curvature
257,$3_1$,1,0.392,1.048408665,Local Curvature
258,$3_1$,2,0.542,1.010379694,Local Curvature
259,$3_1$,3,0.42,1.058446402,Local Curvature
260,$3_1$,4,0.338,1.142779863,Local Curvature
261,$3_1$,5,0.529,1.090492309,Local Curvature
262,$3_1$,6,0.398,1.080928403,Local Curvature
263,$3_1$,7,0.556,1.001495038,Local Curvature
264,$3_1$,8,0.512,0.950895179,Local Curvature
265,$3_1$,9,0.522,1.027122326,Local Curvature
266,$3_1$,10,0.498,1.004303582,Local Curvature
267,$3_1$,11,0.468,1.018374257,Local Curvature
268,$3_1$,12,0.566,1.020787269,Local Curvature
269,$3_1$,13,0.469,1.009001411,Local Curvature
270,$3_1$,14,0.519,1.006769995,Local Curvature
271,$3_1$,15,0.509,0.931449694,Local Curvature
272,$3_1$,16,0.446,1.022541773,Local Curvature
273,$3_1$,17,0.524,0.990331043,Local Curvature
274,$3_1$,18,0.51,0.976274613,Local Curvature
275,$3_1$,19,0.499,0.975020712,Local Curvature
276,$3_1$,20,0.525,0.983654473,Local Curvature
277,$3_1$,21,0.486,1.020999824,Local Curvature
278,$3_1$,22,0.579,1.067702283,Local Curvature
279,$3_1$,23,0.574,1.01600473,Local Curvature
280,$3_1$,24,0.494,1.045259305,Local Curvature
281,$3_1$,25,0.435,1.031059787,Local Curvature
282,$3_1$,26,0.503,1.003619415,Local Curvature
283,$3_1$,27,0.533,0.995443,Local Curvature
284,$3_1$,28,0.552,1.043332313,Local Curvature
285,$3_1$,29,0.465,1.034243468,Local Curvature
286,$3_1$,30,0.592,1.02163026,Local Curvature
287,$3_1$,31,0.567,1.056554551,Local Curvature
288,$3_1$,32,0.557,1.019623636,Local Curvature
289,$3_1$,33,0.452,0.993183946,Local Curvature
290,$3_1$,34,0.489,0.931552778,Local Curvature
291,$3_1$,35,0.5,1.068252808,Local Curvature
292,$3_1$,36,0.525,0.98039948,Local Curvature
293,$3_1$,37,0.507,1.0231841,Local Curvature
294,$3_1$,38,0.573,1.007639065,Local Curvature
295,$3_1$,39,0.479,0.94415119,Local Curvature
296,$3_1$,40,0.449,1.006117373,Local Curvature
297,$3_1$,41,0.443,1.035690406,Local Curvature
298,$3_1$,42,0.504,1.023051128,Local Curvature
299,$3_1$,43,0.498,1.011602964,Local Curvature
300,$3_1$,44,0.507,1.01257834,Local Curvature
301,$3_1$,45,0.559,1.044469357,Local Curvature
302,$3_1$,46,0.534,1.050556559,Local Curvature
303,$3_1$,47,0.515,0.996293402,Local Curvature
304,$3_1$,48,0.586,1.047142872,Local Curvature
305,$3_1$,49,0.508,1.036307481,Local Curvature
306,$3_1$,50,0.461,1.021031929,Local Curvature
307,$3_1$,51,0.53,1.014921257,Local Curvature
308,$3_1$,52,0.485,1.022283676,Local Curvature
309,$3_1$,53,0.406,0.990326027,Local Curvature
310,$3_1$,54,0.395,1.085934536,Local Curvature
311,$3_1$,55,0.536,1.021150776,Local Curvature
312,$3_1$,56,0.405,1.0481909,Local Curvature
313,$3_1$,57,0.427,0.990039323,Local Curvature
314,$3_1$,58,0.525,1.019191868,Local Curvature
315,$3_1$,59,0.471,1.029818831,Local Curvature
316,$3_1$,60,0.436,1.020699601,Local Curvature
317,$3_1$,61,0.608,1.05446082,Local Curvature
318,$3_1$,62,0.367,1.152225648,Local Curvature
319,$3_1$,63,0.476,0.97512609,Local Curvature


320,$5_1$,0,0.676,1.087813591,Local Curvature
321,$5_1$,1,0.609,1.026597126,Local Curvature
322,$5_1$,2,0.629,1.058480634,Local Curvature
323,$5_1$,3,0.659,1.037106049,Local Curvature
324,$5_1$,4,0.531,1.025746032,Local Curvature
325,$5_1$,5,0.536,1.023564909,Local Curvature
326,$5_1$,6,0.634,1.011732264,Local Curvature
327,$5_1$,7,0.713,1.028453396,Local Curvature
328,$5_1$,8,0.655,1.006172214,Local Curvature
329,$5_1$,9,0.567,1.043633834,Local Curvature
330,$5_1$,10,0.616,1.055499392,Local Curvature
331,$5_1$,11,0.633,0.96552187,Local Curvature
332,$5_1$,12,0.582,1.094235896,Local Curvature
333,$5_1$,13,0.571,1.03007234,Local Curvature
334,$5_1$,14,0.678,1.007348593,Local Curvature
335,$5_1$,15,0.638,1.017199926,Local Curvature
336,$5_1$,16,0.637,1.028361467,Local Curvature
337,$5_1$,17,0.531,1.001531532,Local Curvature
338,$5_1$,18,0.592,1.039807776,Local Curvature
339,$5_1$,19,0.649,1.014373152,Local Curvature
340,$5_1$,20,0.645,1.034340091,Local Curvature
341,$5_1$,21,0.643,1.030504867,Local Curvature
342,$5_1$,22,0.696,1.019379936,Local Curvature
343,$5_1$,23,0.582,0.983732911,Local Curvature
344,$5_1$,24,0.6,0.980414585,Local Curvature
345,$5_1$,25,0.65,0.973138386,Local Curvature
346,$5_1$,26,0.649,1.110795425,Local Curvature
347,$5_1$,27,0.685,1.026734056,Local Curvature
348,$5_1$,28,0.683,1.001974609,Local Curvature
349,$5_1$,29,0.594,0.983277658,Local Curvature
350,$5_1$,30,0.504,1.003044958,Local Curvature
351,$5_1$,31,0.535,1.035717743,Local Curvature
352,$5_1$,32,0.576,1.061555474,Local Curvature
353,$5_1$,33,0.622,1.034680081,Local Curvature
354,$5_1$,34,0.672,1.068746481,Local Curvature
355,$5_1$,35,0.586,1.026489022,Local Curvature
356,$5_1$,36,0.542,1.010097245,Local Curvature
357,$5_1$,37,0.488,1.035363608,Local Curvature
358,$5_1$,38,0.631,1.001711323,Local Curvature
359,$5_1$,39,0.722,1.086871436,Local Curvature
360,$5_1$,40,0.619,0.979563675,Local Curvature
361,$5_1$,41,0.649,0.987928699,Local Curvature
362,$5_1$,42,0.69,0.999994203,Local Curvature
363,$5_1$,43,0.655,1.026266146,Local Curvature
364,$5_1$,44,0.646,1.033302409,Local Curvature
365,$5_1$,45,0.696,1.015151427,Local Curvature
366,$5_1$,46,0.636,0.979606925,Local Curvature
367,$5_1$,47,0.583,1.022426747,Local Curvature
368,$5_1$,48,0.635,1.049448007,Local Curvature
369,$5_1$,49,0.569,1.073998294,Local Curvature
370,$5_1$,50,0.611,0.983681513,Local Curvature
371,$5_1$,51,0.646,1.077072364,Local Curvature
372,$5_1$,52,0.66,1.02649604,Local Curvature
373,$5_1$,53,0.598,1.010807869,Local Curvature
374,$5_1$,54,0.69,1.063285521,Local Curvature
375,$5_1$,55,0.581,1.070080118,Local Curvature
376,$5_1$,56,0.63,1.025357247,Local Curvature
377,$5_1$,57,0.653,0.990426384,Local Curvature
378,$5_1$,58,0.604,1.096176811,Local Curvature
379,$5_1$,59,0.491,1.03347969,Local Curvature
380,$5_1$,60,0.604,1.055896061,Local Curvature
381,$5_1$,61,0.58,0.982557903,Local Curvature
382,$5_1$,62,0.664,1.025669543,Local Curvature
383,$5_1$,63,0.661,1.030953562,Local Curvature


384,$7_1$,0,0.64,1.012145749,Local Curvature
385,$7_1$,1,0.674,0.989982668,Local Curvature
386,$7_1$,2,0.685,0.992891765,Local Curvature
387,$7_1$,3,0.755,1.026987322,Local Curvature
388,$7_1$,4,0.761,1.021095484,Local Curvature
389,$7_1$,5,0.742,0.992517329,Local Curvature
390,$7_1$,6,0.699,0.989045507,Local Curvature
391,$7_1$,7,0.761,1.06114185,Local Curvature
392,$7_1$,8,0.716,1.012397629,Local Curvature
393,$7_1$,9,0.726,1.013120327,Local Curvature
394,$7_1$,10,0.747,1.017007303,Local Curvature
395,$7_1$,11,0.668,0.981161119,Local Curvature
396,$7_1$,12,0.711,0.997035537,Local Curvature
397,$7_1$,13,0.753,1.027944248,Local Curvature
398,$7_1$,14,0.684,1.018763721,Local Curvature
399,$7_1$,15,0.743,0.995196803,Local Curvature
400,$7_1$,16,0.748,1.022659845,Local Curvature
401,$7_1$,17,0.773,1.062633517,Local Curvature
402,$7_1$,18,0.554,1.059832722,Local Curvature
403,$7_1$,19,0.743,1.015093886,Local Curvature
404,$7_1$,20,0.722,1.0815086,Local Curvature
405,$7_1$,21,0.67,1.058501983,Local Curvature
406,$7_1$,22,0.738,1.01026694,Local Curvature
407,$7_1$,23,0.697,1.028257156,Local Curvature
408,$7_1$,24,0.686,0.997931402,Local Curvature
409,$7_1$,25,0.718,1.057228765,Local Curvature
410,$7_1$,26,0.75,1.019700616,Local Curvature
411,$7_1$,27,0.715,1.043207769,Local Curvature
412,$7_1$,28,0.644,1.003546696,Local Curvature
413,$7_1$,29,0.704,1.022551324,Local Curvature
414,$7_1$,30,0.71,1.002371809,Local Curvature
415,$7_1$,31,0.739,1.034501102,Local Curvature
416,$7_1$,32,0.728,1.014586068,Local Curvature
417,$7_1$,33,0.702,1.040693796,Local Curvature
418,$7_1$,34,0.727,1.0175859,Local Curvature
419,$7_1$,35,0.748,1.043523874,Local Curvature
420,$7_1$,36,0.684,1.00777638,Local Curvature
421,$7_1$,37,0.686,0.988746166,Local Curvature
422,$7_1$,38,0.683,1.081647779,Local Curvature
423,$7_1$,39,0.629,1.073155418,Local Curvature
424,$7_1$,40,0.666,1.127239246,Local Curvature
425,$7_1$,41,0.649,1.107451837,Local Curvature
426,$7_1$,42,0.696,1.008412128,Local Curvature
427,$7_1$,43,0.705,1.030078286,Local Curvature
428,$7_1$,44,0.621,1.047298779,Local Curvature
429,$7_1$,45,0.707,0.991440239,Local Curvature
430,$7_1$,46,0.724,1.033957802,Local Curvature
431,$7_1$,47,0.717,1.055890011,Local Curvature
432,$7_1$,48,0.763,1.057668582,Local Curvature
433,$7_1$,49,0.713,1.006672559,Local Curvature
434,$7_1$,50,0.725,1.016565104,Local Curvature
435,$7_1$,51,0.701,1.04581599,Local Curvature
436,$7_1$,52,0.769,1.043393784,Local Curvature
437,$7_1$,53,0.755,1.027250018,Local Curvature
438,$7_1$,54,0.684,0.990225146,Local Curvature
439,$7_1$,55,0.765,1.035090236,Local Curvature
440,$7_1$,56,0.712,1.086031379,Local Curvature
441,$7_1$,57,0.697,1.012328035,Local Curvature
442,$7_1$,58,0.712,1.020890985,Local Curvature
443,$7_1$,59,0.745,1.008842607,Local Curvature
444,$7_1$,60,0.734,0.989119683,Local Curvature
445,$7_1$,61,0.733,1.02117866,Local Curvature
446,$7_1$,62,0.744,1.024116287,Local Curvature
447,$7_1$,63,0.68,0.99468138,Local Curvature


448,$8_{19}$,0,0.707,0.997635026,Local Curvature
449,$8_{19}$,1,0.718,0.999679768,Local Curvature
450,$8_{19}$,2,0.673,1.03449972,Local Curvature
451,$8_{19}$,3,0.712,1.027553441,Local Curvature
452,$8_{19}$,4,0.737,1.034409194,Local Curvature
453,$8_{19}$,5,0.656,0.991487715,Local Curvature
454,$8_{19}$,6,0.625,0.978378615,Local Curvature
455,$8_{19}$,7,0.699,1.010606306,Local Curvature
456,$8_{19}$,8,0.677,1.052320701,Local Curvature
457,$8_{19}$,9,0.685,1.003783605,Local Curvature
458,$8_{19}$,10,0.714,1.012274896,Local Curvature
459,$8_{19}$,11,0.744,1.030693612,Local Curvature
460,$8_{19}$,12,0.726,1.012114706,Local Curvature
461,$8_{19}$,13,0.699,1.013828093,Local Curvature
462,$8_{19}$,14,0.638,1.020130794,Local Curvature
463,$8_{19}$,15,0.69,0.993100113,Local Curvature
464,$8_{19}$,16,0.718,1.041449094,Local Curvature
465,$8_{19}$,17,0.561,1.049869749,Local Curvature
466,$8_{19}$,18,0.691,1.007362053,Local Curvature
467,$8_{19}$,19,0.656,0.982415364,Local Curvature
468,$8_{19}$,20,0.612,1.025984912,Local Curvature
469,$8_{19}$,21,0.707,1.014195873,Local Curvature
470,$8_{19}$,22,0.717,1.020138124,Local Curvature
471,$8_{19}$,23,0.69,1.004109573,Local Curvature
472,$8_{19}$,24,0.729,1.033227696,Local Curvature
473,$8_{19}$,25,0.684,1.016879607,Local Curvature
474,$8_{19}$,26,0.677,1.027339055,Local Curvature
475,$8_{19}$,27,0.687,1.030297031,Local Curvature
476,$8_{19}$,28,0.733,1.000171926,Local Curvature
477,$8_{19}$,29,0.702,1.006818254,Local Curvature
478,$8_{19}$,30,0.656,1.017562256,Local Curvature
479,$8_{19}$,31,0.686,0.994159674,Local Curvature
480,$8_{19}$,32,0.639,0.972910754,Local Curvature
481,$8_{19}$,33,0.674,1.033048351,Local Curvature
482,$8_{19}$,34,0.633,1.023496769,Local Curvature
483,$8_{19}$,35,0.664,1.009097071,Local Curvature
484,$8_{19}$,36,0.696,0.98731807,Local Curvature
485,$8_{19}$,37,0.691,0.986365038,Local Curvature
486,$8_{19}$,38,0.612,1.074774069,Local Curvature
487,$8_{19}$,39,0.642,1.03542375,Local Curvature
488,$8_{19}$,40,0.717,0.996993723,Local Curvature
489,$8_{19}$,41,0.679,1.000642533,Local Curvature
490,$8_{19}$,42,0.691,0.996116443,Local Curvature
491,$8_{19}$,43,0.627,1.036027998,Local Curvature
492,$8_{19}$,44,0.668,1.025002071,Local Curvature
493,$8_{19}$,45,0.642,1.009249885,Local Curvature
494,$8_{19}$,46,0.682,0.975816352,Local Curvature
495,$8_{19}$,47,0.633,1.045866103,Local Curvature
496,$8_{19}$,48,0.564,1.077084081,Local Curvature
497,$8_{19}$,49,0.712,1.039561749,Local Curvature
498,$8_{19}$,50,0.699,0.998246285,Local Curvature
499,$8_{19}$,51,0.701,1.028882085,Local Curvature
500,$8_{19}$,52,0.697,1.018202004,Local Curvature
501,$8_{19}$,53,0.603,1.040085553,Local Curvature
502,$8_{19}$,54,0.653,0.98096065,Local Curvature
503,$8_{19}$,55,0.719,1.006199533,Local Curvature
504,$8_{19}$,56,0.643,1.002772831,Local Curvature
505,$8_{19}$,57,0.709,1.003271599,Local Curvature
506,$8_{19}$,58,0.677,1.012330394,Local Curvature
507,$8_{19}$,59,0.656,1.009706108,Local Curvature
508,$8_{19}$,60,0.615,1.039645134,Local Curvature
509,$8_{19}$,61,0.691,1.014818405,Local Curvature
510,$8_{19}$,62,0.662,1.011895118,Local Curvature
511,$8_{19}$,63,0.703,1.030392927,Local Curvature


512,$3_1$,0,0.716,1.467303318,Local Density
513,$3_1$,1,0.604,1.615405189,Local Density
514,$3_1$,2,0.67,1.248993349,Local Density
515,$3_1$,3,0.634,1.597750045,Local Density
516,$3_1$,4,0.526,1.778408899,Local Density
517,$3_1$,5,0.672,1.385275674,Local Density
518,$3_1$,6,0.461,1.252030136,Local Density
519,$3_1$,7,0.694,1.250067547,Local Density
520,$3_1$,8,0.603,1.119901939,Local Density
521,$3_1$,9,0.654,1.286854408,Local Density
522,$3_1$,10,0.737,1.486288634,Local Density
523,$3_1$,11,0.622,1.353480316,Local Density
524,$3_1$,12,0.707,1.27508233,Local Density
525,$3_1$,13,0.633,1.361829197,Local Density
526,$3_1$,14,0.652,1.26476693,Local Density
527,$3_1$,15,0.547,1.000988178,Local Density
528,$3_1$,16,0.654,1.499422241,Local Density
529,$3_1$,17,0.631,1.19255513,Local Density
530,$3_1$,18,0.648,1.240443037,Local Density
531,$3_1$,19,0.649,1.26811311,Local Density
532,$3_1$,20,0.616,1.154154582,Local Density
533,$3_1$,21,0.644,1.352929807,Local Density
534,$3_1$,22,0.703,1.296363911,Local Density
535,$3_1$,23,0.674,1.193009038,Local Density
536,$3_1$,24,0.736,1.557309409,Local Density
537,$3_1$,25,0.693,1.642584902,Local Density
538,$3_1$,26,0.652,1.300914231,Local Density
539,$3_1$,27,0.697,1.301733154,Local Density
540,$3_1$,28,0.666,1.258803116,Local Density
541,$3_1$,29,0.693,1.541356394,Local Density
542,$3_1$,30,0.666,1.149334042,Local Density
543,$3_1$,31,0.684,1.274573745,Local Density
544,$3_1$,32,0.698,1.277733031,Local Density
545,$3_1$,33,0.629,1.382107747,Local Density
546,$3_1$,34,0.644,1.226830244,Local Density
547,$3_1$,35,0.722,1.542557055,Local Density
548,$3_1$,36,0.704,1.314669017,Local Density
549,$3_1$,37,0.727,1.467169312,Local Density
550,$3_1$,38,0.726,1.276694522,Local Density
551,$3_1$,39,0.641,1.263467459,Local Density
552,$3_1$,40,0.611,1.369126314,Local Density
553,$3_1$,41,0.749,1.751088293,Local Density
554,$3_1$,42,0.582,1.181380469,Local Density
555,$3_1$,43,0.697,1.415837884,Local Density
556,$3_1$,44,0.69,1.378065196,Local Density
557,$3_1$,45,0.642,1.19955157,Local Density
558,$3_1$,46,0.623,1.225649319,Local Density
559,$3_1$,47,0.707,1.367727058,Local Density
560,$3_1$,48,0.684,1.222262329,Local Density
561,$3_1$,49,0.571,1.164825929,Local Density
562,$3_1$,50,0.732,1.621248095,Local Density
563,$3_1$,51,0.661,1.265779153,Local Density
564,$3_1$,52,0.603,1.271004241,Local Density
565,$3_1$,53,0.612,1.492806721,Local Density
566,$3_1$,54,0.61,1.677012828,Local Density
567,$3_1$,55,0.632,1.204043452,Local Density
568,$3_1$,56,0.647,1.674517315,Local Density
569,$3_1$,57,0.686,1.590554978,Local Density
570,$3_1$,58,0.717,1.391924894,Local Density
571,$3_1$,59,0.561,1.226599499,Local Density
572,$3_1$,60,0.655,1.533390455,Local Density
573,$3_1$,61,0.693,1.201877218,Local Density
574,$3_1$,62,0.475,1.491300225,Local Density
575,$3_1$,63,0.744,1.524146662,Local Density


576,$5_1$,0,0.848,1.364594564,Local Density
577,$5_1$,1,0.779,1.313167752,Local Density
578,$5_1$,2,0.809,1.361384472,Local Density
579,$5_1$,3,0.837,1.317234846,Local Density
580,$5_1$,4,0.807,1.558902162,Local Density
581,$5_1$,5,0.788,1.504793186,Local Density
582,$5_1$,6,0.776,1.238334759,Local Density
583,$5_1$,7,0.83,1.197217839,Local Density
584,$5_1$,8,0.832,1.278069132,Local Density
585,$5_1$,9,0.813,1.496427349,Local Density
586,$5_1$,10,0.774,1.326228132,Local Density
587,$5_1$,11,0.808,1.232451297,Local Density
588,$5_1$,12,0.834,1.568028758,Local Density
589,$5_1$,13,0.778,1.403496112,Local Density
590,$5_1$,14,0.804,1.194554969,Local Density
591,$5_1$,15,0.717,1.143154149,Local Density
592,$5_1$,16,0.777,1.254374976,Local Density
593,$5_1$,17,0.732,1.380642338,Local Density
594,$5_1$,18,0.695,1.220720278,Local Density
595,$5_1$,19,0.82,1.281642503,Local Density
596,$5_1$,20,0.755,1.210739176,Local Density
597,$5_1$,21,0.819,1.312571518,Local Density
598,$5_1$,22,0.836,1.224427624,Local Density
599,$5_1$,23,0.793,1.340378348,Local Density
600,$5_1$,24,0.818,1.336631884,Local Density
601,$5_1$,25,0.79,1.182737423,Local Density
602,$5_1$,26,0.775,1.326450624,Local Density
603,$5_1$,27,0.739,1.107673675,Local Density
604,$5_1$,28,0.801,1.17508296,Local Density
605,$5_1$,29,0.776,1.284551284,Local Density
606,$5_1$,30,0.802,1.596115191,Local Density
607,$5_1$,31,0.758,1.467428129,Local Density
608,$5_1$,32,0.693,1.277183929,Local Density
609,$5_1$,33,0.748,1.244277654,Local Density
610,$5_1$,34,0.806,1.281859619,Local Density
611,$5_1$,35,0.733,1.283987122,Local Density
612,$5_1$,36,0.753,1.403326985,Local Density
613,$5_1$,37,0.745,1.580626819,Local Density
614,$5_1$,38,0.756,1.20014859,Local Density
615,$5_1$,39,0.883,1.329234734,Local Density
616,$5_1$,40,0.752,1.190035353,Local Density
617,$5_1$,41,0.732,1.114273971,Local Density
618,$5_1$,42,0.83,1.202891577,Local Density
619,$5_1$,43,0.845,1.323961669,Local Density
620,$5_1$,44,0.859,1.374004287,Local Density
621,$5_1$,45,0.76,1.108498684,Local Density
622,$5_1$,46,0.804,1.238371018,Local Density
623,$5_1$,47,0.759,1.331083878,Local Density
624,$5_1$,48,0.805,1.330402591,Local Density
625,$5_1$,49,0.675,1.274075304,Local Density
626,$5_1$,50,0.762,1.226784472,Local Density
627,$5_1$,51,0.851,1.418867774,Local Density
628,$5_1$,52,0.852,1.32511307,Local Density
629,$5_1$,53,0.816,1.379296356,Local Density
630,$5_1$,54,0.831,1.280565606,Local Density
631,$5_1$,55,0.861,1.58578138,Local Density
632,$5_1$,56,0.82,1.334591973,Local Density
633,$5_1$,57,0.808,1.225519936,Local Density
634,$5_1$,58,0.724,1.313960284,Local Density
635,$5_1$,59,0.748,1.574425272,Local Density
636,$5_1$,60,0.803,1.403782346,Local Density
637,$5_1$,61,0.723,1.224809248,Local Density
638,$5_1$,62,0.776,1.198674044,Local Density
639,$5_1$,63,0.826,1.28830203,Local Density


640,$7_1$,0,0.813,1.285741397,Local Density
641,$7_1$,1,0.759,1.114832114,Local Density
642,$7_1$,2,0.836,1.211762796,Local Density
643,$7_1$,3,0.889,1.209260569,Local Density
644,$7_1$,4,0.828,1.110994823,Local Density
645,$7_1$,5,0.884,1.182459998,Local Density
646,$7_1$,6,0.899,1.272034208,Local Density
647,$7_1$,7,0.832,1.160144572,Local Density
648,$7_1$,8,0.872,1.232975883,Local Density
649,$7_1$,9,0.829,1.156855029,Local Density
650,$7_1$,10,0.813,1.10686337,Local Density
651,$7_1$,11,0.844,1.239670635,Local Density
652,$7_1$,12,0.806,1.130254069,Local Density
653,$7_1$,13,0.849,1.158996901,Local Density
654,$7_1$,14,0.811,1.207920143,Local Density
655,$7_1$,15,0.84,1.125121553,Local Density
656,$7_1$,16,0.836,1.142972768,Local Density
657,$7_1$,17,0.8,1.099750082,Local Density
658,$7_1$,18,0.884,1.691141023,Local Density
659,$7_1$,19,0.882,1.204997049,Local Density
660,$7_1$,20,0.884,1.324173964,Local Density
661,$7_1$,21,0.838,1.323917405,Local Density
662,$7_1$,22,0.881,1.206023272,Local Density
663,$7_1$,23,0.861,1.270200016,Local Density
664,$7_1$,24,0.934,1.358699605,Local Density
665,$7_1$,25,0.826,1.216254819,Local Density
666,$7_1$,26,0.833,1.132547484,Local Density
667,$7_1$,27,0.859,1.253308355,Local Density
668,$7_1$,28,0.87,1.355723021,Local Density
669,$7_1$,29,0.819,1.189587406,Local Density
670,$7_1$,30,0.825,1.164727807,Local Density
671,$7_1$,31,0.759,1.062498425,Local Density
672,$7_1$,32,0.837,1.166495246,Local Density
673,$7_1$,33,0.806,1.194870655,Local Density
674,$7_1$,34,0.838,1.172953211,Local Density
675,$7_1$,35,0.853,1.19000784,Local Density
676,$7_1$,36,0.852,1.255300403,Local Density
677,$7_1$,37,0.825,1.189089777,Local Density
678,$7_1$,38,0.768,1.216259874,Local Density
679,$7_1$,39,0.773,1.318838058,Local Density
680,$7_1$,40,0.917,1.552069652,Local Density
681,$7_1$,41,0.877,1.496510418,Local Density
682,$7_1$,42,0.869,1.259066292,Local Density
683,$7_1$,43,0.775,1.132355563,Local Density
684,$7_1$,44,0.717,1.209200039,Local Density
685,$7_1$,45,0.913,1.280318158,Local Density
686,$7_1$,46,0.899,1.283878541,Local Density
687,$7_1$,47,0.89,1.310658451,Local Density
688,$7_1$,48,0.836,1.158860989,Local Density
689,$7_1$,49,0.882,1.245280781,Local Density
690,$7_1$,50,0.842,1.180617679,Local Density
691,$7_1$,51,0.863,1.287502424,Local Density
692,$7_1$,52,0.867,1.176362043,Local Density
693,$7_1$,53,0.838,1.14017949,Local Density
694,$7_1$,54,0.837,1.211722876,Local Density
695,$7_1$,55,0.881,1.192045095,Local Density
696,$7_1$,56,0.864,1.317880774,Local Density
697,$7_1$,57,0.784,1.138687488,Local Density
698,$7_1$,58,0.876,1.256040033,Local Density
699,$7_1$,59,0.778,1.053529595,Local Density
700,$7_1$,60,0.821,1.106358665,Local Density
701,$7_1$,61,0.833,1.160493621,Local Density
702,$7_1$,62,0.84,1.156260324,Local Density
703,$7_1$,63,0.808,1.181915522,Local Density


704,$8_{19}$,0,0.84,1.185308942,Local Density
705,$8_{19}$,1,0.851,1.184857218,Local Density
706,$8_{19}$,2,0.822,1.263534577,Local Density
707,$8_{19}$,3,0.861,1.242589204,Local Density
708,$8_{19}$,4,0.886,1.243536697,Local Density
709,$8_{19}$,5,0.859,1.298304798,Local Density
710,$8_{19}$,6,0.81,1.267978685,Local Density
711,$8_{19}$,7,0.9,1.301209836,Local Density
712,$8_{19}$,8,0.808,1.255945534,Local Density
713,$8_{19}$,9,0.778,1.140063715,Local Density
714,$8_{19}$,10,0.875,1.240532961,Local Density
715,$8_{19}$,11,0.83,1.149832928,Local Density
716,$8_{19}$,12,0.869,1.211470633,Local Density
717,$8_{19}$,13,0.852,1.235738963,Local Density
718,$8_{19}$,14,0.89,1.423066468,Local Density
719,$8_{19}$,15,0.892,1.283833769,Local Density
720,$8_{19}$,16,0.915,1.327194876,Local Density
721,$8_{19}$,17,0.816,1.527083271,Local Density
722,$8_{19}$,18,0.908,1.323711641,Local Density
723,$8_{19}$,19,0.897,1.343333204,Local Density
724,$8_{19}$,20,0.826,1.384744342,Local Density
725,$8_{19}$,21,0.865,1.240847851,Local Density
726,$8_{19}$,22,0.837,1.190872538,Local Density
727,$8_{19}$,23,0.849,1.235491344,Local Density
728,$8_{19}$,24,0.837,1.186298465,Local Density
729,$8_{19}$,25,0.854,1.269612842,Local Density
730,$8_{19}$,26,0.89,1.350563898,Local Density
731,$8_{19}$,27,0.879,1.318240307,Local Density
732,$8_{19}$,28,0.845,1.152994921,Local Density
733,$8_{19}$,29,0.861,1.234858285,Local Density
734,$8_{19}$,30,0.826,1.281259792,Local Density
735,$8_{19}$,31,0.9,1.304291118,Local Density
736,$8_{19}$,32,0.856,1.303304547,Local Density
737,$8_{19}$,33,0.854,1.308936635,Local Density
738,$8_{19}$,34,0.882,1.426104503,Local Density
739,$8_{19}$,35,0.893,1.357113982,Local Density
740,$8_{19}$,36,0.82,1.163219565,Local Density
741,$8_{19}$,37,0.855,1.220466147,Local Density
742,$8_{19}$,38,0.831,1.459374594,Local Density
743,$8_{19}$,39,0.808,1.30315014,Local Density
744,$8_{19}$,40,0.825,1.14716851,Local Density
745,$8_{19}$,41,0.852,1.255592693,Local Density
746,$8_{19}$,42,0.842,1.213791672,Local Density
747,$8_{19}$,43,0.726,1.199611366,Local Density
748,$8_{19}$,44,0.864,1.325751182,Local Density
749,$8_{19}$,45,0.817,1.284356941,Local Density
750,$8_{19}$,46,0.835,1.194731164,Local Density
751,$8_{19}$,47,0.879,1.452316436,Local Density
752,$8_{19}$,48,0.762,1.455209344,Local Density
753,$8_{19}$,49,0.881,1.286311658,Local Density
754,$8_{19}$,50,0.899,1.28386754,Local Density
755,$8_{19}$,51,0.86,1.262251916,Local Density
756,$8_{19}$,52,0.84,1.227101411,Local Density
757,$8_{19}$,53,0.81,1.397129847,Local Density
758,$8_{19}$,54,0.838,1.258874464,Local Density
759,$8_{19}$,55,0.767,1.073372798,Local Density
760,$8_{19}$,56,0.872,1.359903434,Local Density
761,$8_{19}$,57,0.892,1.262226046,Local Density
762,$8_{19}$,58,0.848,1.268029799,Local Density
763,$8_{19}$,59,0.898,1.382189154,Local Density
764,$8_{19}$,60,0.872,1.474098467,Local Density
765,$8_{19}$,61,0.855,1.255672556,Local Density
766,$8_{19}$,62,0.838,1.280918593,Local Density
767,$8_{19}$,63,0.821,1.203346505,Local Density


768,$3_1$,0,0.613,1.667029261,1D Writhe
769,$3_1$,1,0.595,1.187477797,1D Writhe
770,$3_1$,2,0.609,1.229989942,1D Writhe
771,$3_1$,3,0.758,1.647826087,1D Writhe
772,$3_1$,4,0.789,2.190559217,1D Writhe
773,$3_1$,5,0.647,1.279632289,1D Writhe
774,$3_1$,6,0.595,1.404003889,1D Writhe
775,$3_1$,7,0.516,0.88094295,1D Writhe
776,$3_1$,8,0.543,1.074775049,1D Writhe
777,$3_1$,9,0.655,1.235275702,1D Writhe
778,$3_1$,10,0.615,1.16382932,1D Writhe
779,$3_1$,11,0.574,1.320104688,1D Writhe
780,$3_1$,12,0.636,1.219002641,1D Writhe
781,$3_1$,13,0.667,1.875028111,1D Writhe
782,$3_1$,14,0.71,1.405372879,1D Writhe
783,$3_1$,15,0.799,1.553797567,1D Writhe
784,$3_1$,16,0.567,1.091749302,1D Writhe
785,$3_1$,17,0.683,2.04709211,1D Writhe
786,$3_1$,18,0.642,1.593083734,1D Writhe
787,$3_1$,19,0.66,1.431738608,1D Writhe
788,$3_1$,20,0.519,0.991335839,1D Writhe
789,$3_1$,21,0.642,1.09952217,1D Writhe
790,$3_1$,22,0.697,1.434746809,1D Writhe
791,$3_1$,23,0.561,1.160596807,1D Writhe
792,$3_1$,24,0.763,1.919941219,1D Writhe
793,$3_1$,25,0.737,1.918151911,1D Writhe
794,$3_1$,26,0.553,1.1216356,1D Writhe
795,$3_1$,27,0.681,1.356546682,1D Writhe
796,$3_1$,28,0.578,1.178163614,1D Writhe
797,$3_1$,29,0.666,1.345704656,1D Writhe
798,$3_1$,30,0.639,1.372552389,1D Writhe
799,$3_1$,31,0.51,0.950644761,1D Writhe
800,$3_1$,32,0.565,1.3963581,1D Writhe
801,$3_1$,33,0.67,1.374759417,1D Writhe
802,$3_1$,34,0.749,1.398990635,1D Writhe
803,$3_1$,35,0.576,1.04276797,1D Writhe
804,$3_1$,36,0.83,1.585270355,1D Writhe
805,$3_1$,37,0.545,1.16219559,1D Writhe
806,$3_1$,38,0.563,1.40676848,1D Writhe
807,$3_1$,39,0.599,1.183144438,1D Writhe
808,$3_1$,40,0.64,1.19911715,1D Writhe
809,$3_1$,41,0.748,2.391105599,1D Writhe
810,$3_1$,42,0.67,1.194649397,1D Writhe
811,$3_1$,43,0.507,0.96324471,1D Writhe
812,$3_1$,44,0.575,1.044046032,1D Writhe
813,$3_1$,45,0.546,0.930578186,1D Writhe
814,$3_1$,46,0.347,0.662891813,1D Writhe
815,$3_1$,47,0.483,0.980491667,1D Writhe
816,$3_1$,48,0.615,1.020323517,1D Writhe
817,$3_1$,49,0.505,0.977746111,1D Writhe
818,$3_1$,50,0.632,1.192984046,1D Writhe
819,$3_1$,51,0.607,1.152016884,1D Writhe
820,$3_1$,52,0.62,1.438114678,1D Writhe
821,$3_1$,53,0.534,1.011007486,1D Writhe
822,$3_1$,54,0.726,1.384772085,1D Writhe
823,$3_1$,55,0.891,3.170434894,1D Writhe
824,$3_1$,56,0.735,2.244603789,1D Writhe
825,$3_1$,57,0.545,1.41082791,1D Writhe
826,$3_1$,58,0.566,1.072997987,1D Writhe
827,$3_1$,59,0.609,1.18090082,1D Writhe
828,$3_1$,60,0.669,1.348333629,1D Writhe
829,$3_1$,61,0.65,1.240145612,1D Writhe
830,$3_1$,62,0.51,1.086294373,1D Writhe
831,$3_1$,63,0.656,1.635233295,1D Writhe


832,$5_1$,0,0.874,1.639719484,1D Writhe
833,$5_1$,1,0.825,1.284654529,1D Writhe
834,$5_1$,2,0.86,1.617179714,1D Writhe
835,$5_1$,3,0.855,1.395025551,1D Writhe
836,$5_1$,4,0.807,1.410163663,1D Writhe
837,$5_1$,5,0.922,1.682622994,1D Writhe
838,$5_1$,6,0.753,1.156316127,1D Writhe
839,$5_1$,7,0.77,1.338325112,1D Writhe
840,$5_1$,8,0.778,1.228776751,1D Writhe
841,$5_1$,9,0.822,1.260832886,1D Writhe
842,$5_1$,10,0.848,1.350077693,1D Writhe
843,$5_1$,11,0.767,1.165210786,1D Writhe
844,$5_1$,12,0.807,1.355104563,1D Writhe
845,$5_1$,13,0.775,1.265545801,1D Writhe
846,$5_1$,14,0.72,1.08869541,1D Writhe
847,$5_1$,15,0.608,0.94797075,1D Writhe
848,$5_1$,16,0.838,1.564057292,1D Writhe
849,$5_1$,17,0.787,1.16977318,1D Writhe
850,$5_1$,18,0.882,1.603373993,1D Writhe
851,$5_1$,19,0.823,1.347832495,1D Writhe
852,$5_1$,20,0.731,1.13603516,1D Writhe
853,$5_1$,21,0.746,1.102861823,1D Writhe
854,$5_1$,22,0.828,1.558611706,1D Writhe
855,$5_1$,23,0.807,1.292581511,1D Writhe
856,$5_1$,24,0.778,1.193947393,1D Writhe
857,$5_1$,25,0.756,1.188810089,1D Writhe
858,$5_1$,26,0.881,1.583188372,1D Writhe
859,$5_1$,27,0.752,1.2140703,1D Writhe
860,$5_1$,28,0.774,1.227702293,1D Writhe
861,$5_1$,29,0.824,1.298897828,1D Writhe
862,$5_1$,30,0.748,1.205790373,1D Writhe
863,$5_1$,31,0.857,1.418629905,1D Writhe
864,$5_1$,32,0.752,1.127084807,1D Writhe
865,$5_1$,33,0.804,1.259063219,1D Writhe
866,$5_1$,34,0.822,1.331838391,1D Writhe
867,$5_1$,35,0.782,1.184826943,1D Writhe
868,$5_1$,36,0.939,1.620004555,1D Writhe
869,$5_1$,37,0.783,1.26694519,1D Writhe
870,$5_1$,38,0.84,1.241626412,1D Writhe
871,$5_1$,39,0.754,1.273007844,1D Writhe
872,$5_1$,40,0.851,1.324344597,1D Writhe
873,$5_1$,41,0.834,1.285240081,1D Writhe
874,$5_1$,42,0.884,1.798934477,1D Writhe
875,$5_1$,43,0.872,1.306727248,1D Writhe
876,$5_1$,44,0.848,1.366454823,1D Writhe
877,$5_1$,45,0.695,1.162075216,1D Writhe
878,$5_1$,46,0.733,1.167450276,1D Writhe
879,$5_1$,47,0.833,1.421982171,1D Writhe
880,$5_1$,48,0.869,1.60345712,1D Writhe
881,$5_1$,49,0.78,1.206832529,1D Writhe
882,$5_1$,50,0.856,2.057909971,1D Writhe
883,$5_1$,51,0.903,1.369738339,1D Writhe
884,$5_1$,52,0.857,1.252634625,1D Writhe
885,$5_1$,53,0.819,1.552435941,1D Writhe
886,$5_1$,54,0.893,1.431759734,1D Writhe
887,$5_1$,55,0.908,1.474140842,1D Writhe
888,$5_1$,56,0.835,1.321043672,1D Writhe
889,$5_1$,57,0.713,1.208437709,1D Writhe
890,$5_1$,58,0.803,1.215098086,1D Writhe
891,$5_1$,59,0.704,1.142901671,1D Writhe
892,$5_1$,60,0.874,1.358522475,1D Writhe
893,$5_1$,61,0.878,1.403273239,1D Writhe
894,$5_1$,62,0.846,1.401437219,1D Writhe
895,$5_1$,63,0.774,1.1734171,1D Writhe


896,$7_1$,0,0.821,1.157436778,1D Writhe
897,$7_1$,1,0.862,1.185003519,1D Writhe
898,$7_1$,2,0.819,1.129371661,1D Writhe
899,$7_1$,3,0.895,1.273611621,1D Writhe
900,$7_1$,4,0.868,1.349745912,1D Writhe
901,$7_1$,5,0.9,1.27104641,1D Writhe
902,$7_1$,6,0.895,1.305509688,1D Writhe
903,$7_1$,7,0.878,1.344818924,1D Writhe
904,$7_1$,8,0.862,1.16469803,1D Writhe
905,$7_1$,9,0.894,1.277639311,1D Writhe
906,$7_1$,10,0.828,1.147984649,1D Writhe
907,$7_1$,11,0.921,1.282133381,1D Writhe
908,$7_1$,12,0.933,1.317074823,1D Writhe
909,$7_1$,13,0.886,1.198508763,1D Writhe
910,$7_1$,14,0.92,1.295212781,1D Writhe
911,$7_1$,15,0.902,1.286924166,1D Writhe
912,$7_1$,16,0.9,1.240004188,1D Writhe
913,$7_1$,17,0.935,1.273664968,1D Writhe
914,$7_1$,18,0.921,1.408743694,1D Writhe
915,$7_1$,19,0.893,1.291993403,1D Writhe
916,$7_1$,20,0.949,1.419838237,1D Writhe
917,$7_1$,21,0.853,1.244666756,1D Writhe
918,$7_1$,22,0.952,1.414048993,1D Writhe
919,$7_1$,23,0.874,1.236202341,1D Writhe
920,$7_1$,24,0.924,1.316925919,1D Writhe
921,$7_1$,25,0.893,1.254238145,1D Writhe
922,$7_1$,26,0.962,1.292784863,1D Writhe
923,$7_1$,27,0.824,1.133696373,1D Writhe
924,$7_1$,28,0.874,1.227900599,1D Writhe
925,$7_1$,29,0.888,1.26417211,1D Writhe
926,$7_1$,30,0.889,1.445199467,1D Writhe
927,$7_1$,31,0.913,1.252823312,1D Writhe
928,$7_1$,32,0.94,1.509177081,1D Writhe
929,$7_1$,33,0.891,1.303130731,1D Writhe
930,$7_1$,34,0.802,1.154099644,1D Writhe
931,$7_1$,35,0.932,1.253719457,1D Writhe
932,$7_1$,36,0.94,1.408193288,1D Writhe
933,$7_1$,37,0.927,1.249090468,1D Writhe
934,$7_1$,38,0.924,1.370175839,1D Writhe
935,$7_1$,39,0.815,1.160106018,1D Writhe
936,$7_1$,40,0.913,1.279223891,1D Writhe
937,$7_1$,41,0.923,1.320223594,1D Writhe
938,$7_1$,42,0.923,1.366569245,1D Writhe
939,$7_1$,43,0.939,1.421288756,1D Writhe
940,$7_1$,44,0.945,1.343623547,1D Writhe
941,$7_1$,45,0.952,1.3489884,1D Writhe
942,$7_1$,46,0.895,1.259672738,1D Writhe
943,$7_1$,47,0.895,1.215850892,1D Writhe
944,$7_1$,48,0.91,1.275066976,1D Writhe
945,$7_1$,49,0.947,1.338958751,1D Writhe
946,$7_1$,50,0.89,1.305517498,1D Writhe
947,$7_1$,51,0.955,1.310060441,1D Writhe
948,$7_1$,52,0.936,1.301960173,1D Writhe
949,$7_1$,53,0.871,1.244538178,1D Writhe
950,$7_1$,54,0.946,1.339169432,1D Writhe
951,$7_1$,55,0.933,1.276365218,1D Writhe
952,$7_1$,56,0.872,1.361517155,1D Writhe
953,$7_1$,57,0.864,1.590615369,1D Writhe
954,$7_1$,58,0.873,1.347700573,1D Writhe
955,$7_1$,59,0.82,1.132671779,1D Writhe
956,$7_1$,60,0.849,1.288155343,1D Writhe
957,$7_1$,61,0.902,1.336387369,1D Writhe
958,$7_1$,62,0.909,1.306278472,1D Writhe
959,$7_1$,63,0.844,1.197115576,1D Writhe


960,$8_{19}$,0,0.904,1.403421616,1D Writhe
961,$8_{19}$,1,0.877,1.299105291,1D Writhe
962,$8_{19}$,2,0.835,1.289874102,1D Writhe
963,$8_{19}$,3,0.87,1.302683828,1D Writhe
964,$8_{19}$,4,0.771,1.06667921,1D Writhe
965,$8_{19}$,5,0.94,1.420295724,1D Writhe
966,$8_{19}$,6,0.912,1.360446799,1D Writhe
967,$8_{19}$,7,0.876,1.27039742,1D Writhe
968,$8_{19}$,8,0.859,1.213407089,1D Writhe
969,$8_{19}$,9,0.866,1.284752099,1D Writhe
970,$8_{19}$,10,0.831,1.194294978,1D Writhe
971,$8_{19}$,11,0.853,1.30597472,1D Writhe
972,$8_{19}$,12,0.882,1.251408189,1D Writhe
973,$8_{19}$,13,0.939,1.661182465,1D Writhe
974,$8_{19}$,14,0.884,1.346083567,1D Writhe
975,$8_{19}$,15,0.877,1.343756512,1D Writhe
976,$8_{19}$,16,0.933,1.436290583,1D Writhe
977,$8_{19}$,17,0.877,1.318547162,1D Writhe
978,$8_{19}$,18,0.801,1.187363253,1D Writhe
979,$8_{19}$,19,0.915,1.41363392,1D Writhe
980,$8_{19}$,20,0.883,1.280445009,1D Writhe
981,$8_{19}$,21,0.754,1.110721557,1D Writhe
982,$8_{19}$,22,0.805,1.171495265,1D Writhe
983,$8_{19}$,23,0.857,1.259397723,1D Writhe
984,$8_{19}$,24,0.867,1.32526253,1D Writhe
985,$8_{19}$,25,0.915,1.337101573,1D Writhe
986,$8_{19}$,26,0.725,1.026057618,1D Writhe
987,$8_{19}$,27,0.855,1.382846237,1D Writhe
988,$8_{19}$,28,0.885,1.347454453,1D Writhe
989,$8_{19}$,29,0.885,1.318632198,1D Writhe
990,$8_{19}$,30,0.78,1.075179886,1D Writhe
991,$8_{19}$,31,0.91,1.47159181,1D Writhe
992,$8_{19}$,32,0.921,1.596319971,1D Writhe
993,$8_{19}$,33,0.842,1.174579969,1D Writhe
994,$8_{19}$,34,0.916,1.44315149,1D Writhe
995,$8_{19}$,35,0.813,1.169572135,1D Writhe
996,$8_{19}$,36,0.824,1.200102533,1D Writhe
997,$8_{19}$,37,0.883,1.31082028,1D Writhe
998,$8_{19}$,38,0.914,1.3502374,1D Writhe
999,$8_{19}$,39,0.901,1.341991987,1D Writhe
1000,$8_{19}$,40,0.875,1.24735205,1D Writhe
1001,$8_{19}$,41,0.904,1.301228682,1D Writhe
1002,$8_{19}$,42,0.797,1.215706254,1D Writhe
1003,$8_{19}$,43,0.827,1.148706837,1D Writhe
1004,$8_{19}$,44,0.875,1.343858949,1D Writhe
1005,$8_{19}$,45,0.883,1.288189794,1D Writhe
1006,$8_{19}$,46,0.873,1.313785569,1D Writhe
1007,$8_{19}$,47,0.854,1.33440419,1D Writhe
1008,$8_{19}$,48,0.812,1.242635244,1D Writhe
1009,$8_{19}$,49,0.823,1.268871183,1D Writhe
1010,$8_{19}$,50,0.909,1.578947368,1D Writhe
1011,$8_{19}$,51,0.927,1.376436944,1D Writhe
1012,$8_{19}$,52,0.804,1.14754192,1D Writhe
1013,$8_{19}$,53,0.955,1.44116573,1D Writhe
1014,$8_{19}$,54,0.906,1.374288965,1D Writhe
1015,$8_{19}$,55,0.889,1.352185856,1D Writhe
1016,$8_{19}$,56,0.943,1.543492778,1D Writhe
1017,$8_{19}$,57,0.899,1.420979923,1D Writhe
1018,$8_{19}$,58,0.948,1.486639067,1D Writhe
1019,$8_{19}$,59,0.874,1.306119033,1D Writhe
1020,$8_{19}$,60,0.72,1.000375141,1D Writhe
1021,$8_{19}$,61,0.864,1.292155836,1D Writhe
1022,$8_{19}$,62,0.88,1.274656639,1D Writhe
1023,$8_{19}$,63,0.936,1.413299511,1D Writhe


1024,$3_1$,0,0.773,2.102142935,3D Writhe
1025,$3_1$,1,0.801,1.598604564,3D Writhe
1026,$3_1$,2,0.742,1.498608435,3D Writhe
1027,$3_1$,3,0.866,1.882608696,3D Writhe
1028,$3_1$,4,0.89,2.470973008,3D Writhe
1029,$3_1$,5,0.755,1.493233969,3D Writhe
1030,$3_1$,6,0.798,1.88301698,3D Writhe
1031,$3_1$,7,0.68,1.16093257,3D Writhe
1032,$3_1$,8,0.703,1.391467513,3D Writhe
1033,$3_1$,9,0.804,1.516277351,3D Writhe
1034,$3_1$,10,0.771,1.459044562,3D Writhe
1035,$3_1$,11,0.821,1.888163675,3D Writhe
1036,$3_1$,12,0.784,1.502669922,3D Writhe
1037,$3_1$,13,0.845,2.375410426,3D Writhe
1038,$3_1$,14,0.705,1.395475887,3D Writhe
1039,$3_1$,15,0.832,1.617971934,3D Writhe
1040,$3_1$,16,0.697,1.342062193,3D Writhe
1041,$3_1$,17,0.7,2.098044622,3D Writhe
1042,$3_1$,18,0.799,1.982669631,3D Writhe
1043,$3_1$,19,0.824,1.787503959,3D Writhe
1044,$3_1$,20,0.749,1.430656154,3D Writhe
1045,$3_1$,21,0.707,1.210844508,3D Writhe
1046,$3_1$,22,0.641,1.319473034,3D Writhe
1047,$3_1$,23,0.734,1.51849921,3D Writhe
1048,$3_1$,24,0.811,2.040723891,3D Writhe
1049,$3_1$,25,0.8,2.082118764,3D Writhe
1050,$3_1$,26,0.685,1.389367787,3D Writhe
1051,$3_1$,27,0.767,1.527858011,3D Writhe
1052,$3_1$,28,0.713,1.453340237,3D Writhe
1053,$3_1$,29,0.753,1.521494904,3D Writhe
1054,$3_1$,30,0.859,1.845105637,3D Writhe
1055,$3_1$,31,0.675,1.258206301,3D Writhe
1056,$3_1$,32,0.806,1.991972794,3D Writhe
1057,$3_1$,33,0.862,1.768720325,3D Writhe
1058,$3_1$,34,0.806,1.505455877,3D Writhe
1059,$3_1$,35,0.731,1.323373934,3D Writhe
1060,$3_1$,36,0.829,1.583360391,3D Writhe
1061,$3_1$,37,0.75,1.599351729,3D Writhe
1062,$3_1$,38,0.797,1.991464438,3D Writhe
1063,$3_1$,39,0.804,1.588060315,3D Writhe
1064,$3_1$,40,0.749,1.40334179,3D Writhe
1065,$3_1$,41,0.891,2.848228728,3D Writhe
1066,$3_1$,42,0.757,1.349775513,3D Writhe
1067,$3_1$,43,0.731,1.388820282,3D Writhe
1068,$3_1$,44,0.664,1.205646201,3D Writhe
1069,$3_1$,45,0.717,1.222023002,3D Writhe
1070,$3_1$,46,0.669,1.27802485,3D Writhe
1071,$3_1$,47,0.755,1.532652606,3D Writhe
1072,$3_1$,48,0.691,1.146412277,3D Writhe
1073,$3_1$,49,0.725,1.403694912,3D Writhe
1074,$3_1$,50,0.719,1.357208115,3D Writhe
1075,$3_1$,51,0.785,1.489840616,3D Writhe
1076,$3_1$,52,0.762,1.76748933,3D Writhe
1077,$3_1$,53,0.801,1.516511229,3D Writhe
1078,$3_1$,54,0.842,1.606030434,3D Writhe
1079,$3_1$,55,0.818,2.910679847,3D Writhe
1080,$3_1$,56,0.894,2.73017114,3D Writhe
1081,$3_1$,57,0.843,2.182253079,3D Writhe
1082,$3_1$,58,0.706,1.338403849,3D Writhe
1083,$3_1$,59,0.712,1.380626246,3D Writhe
1084,$3_1$,60,0.762,1.535770142,3D Writhe
1085,$3_1$,61,0.803,1.53205681,3D Writhe
1086,$3_1$,62,0.809,1.723161074,3D Writhe
1087,$3_1$,63,0.781,1.946825005,3D Writhe


1088,$5_1$,0,0.934,1.752286039,3D Writhe
1089,$5_1$,1,0.939,1.462170428,3D Writhe
1090,$5_1$,2,0.94,1.767615036,3D Writhe
1091,$5_1$,3,0.975,1.590818611,3D Writhe
1092,$5_1$,4,0.941,1.644317233,3D Writhe
1093,$5_1$,5,0.914,1.668023228,3D Writhe
1094,$5_1$,6,0.896,1.375908699,3D Writhe
1095,$5_1$,7,0.931,1.618156727,3D Writhe
1096,$5_1$,8,0.935,1.476743268,3D Writhe
1097,$5_1$,9,0.896,1.374338523,3D Writhe
1098,$5_1$,10,0.919,1.463114858,3D Writhe
1099,$5_1$,11,0.926,1.406760349,3D Writhe
1100,$5_1$,12,0.956,1.605303547,3D Writhe
1101,$5_1$,13,0.918,1.499059414,3D Writhe
1102,$5_1$,14,0.882,1.333651878,3D Writhe
1103,$5_1$,15,0.861,1.342438842,3D Writhe
1104,$5_1$,16,0.959,1.789893726,3D Writhe
1105,$5_1$,17,0.911,1.354083058,3D Writhe
1106,$5_1$,18,0.963,1.750622625,3D Writhe
1107,$5_1$,19,0.943,1.544357282,3D Writhe
1108,$5_1$,20,0.926,1.439081474,3D Writhe
1109,$5_1$,21,0.892,1.318703413,3D Writhe
1110,$5_1$,22,0.963,1.81273318,3D Writhe
1111,$5_1$,23,0.916,1.467168109,3D Writhe
1112,$5_1$,24,0.908,1.39345017,3D Writhe
1113,$5_1$,25,0.886,1.393235104,3D Writhe
1114,$5_1$,26,0.957,1.719763079,3D Writhe
1115,$5_1$,27,0.925,1.493371047,3D Writhe
1116,$5_1$,28,0.903,1.432319342,3D Writhe
1117,$5_1$,29,0.928,1.462836389,3D Writhe
1118,$5_1$,30,0.873,1.407292775,3D Writhe
1119,$5_1$,31,0.941,1.55767881,3D Writhe
1120,$5_1$,32,0.893,1.338413208,3D Writhe
1121,$5_1$,33,0.936,1.465775091,3D Writhe
1122,$5_1$,34,0.935,1.514925663,3D Writhe
1123,$5_1$,35,0.909,1.377247686,3D Writhe
1124,$5_1$,36,0.968,1.670036644,3D Writhe
1125,$5_1$,37,0.943,1.52583565,3D Writhe
1126,$5_1$,38,0.909,1.343617153,3D Writhe
1127,$5_1$,39,0.95,1.60392235,3D Writhe
1128,$5_1$,40,0.907,1.411493008,3D Writhe
1129,$5_1$,41,0.915,1.410065556,3D Writhe
1130,$5_1$,42,0.973,1.980048921,3D Writhe
1131,$5_1$,43,0.921,1.380155728,3D Writhe
1132,$5_1$,44,0.953,1.535650291,3D Writhe
1133,$5_1$,45,0.878,1.468060488,3D Writhe
1134,$5_1$,46,0.902,1.436616847,3D Writhe
1135,$5_1$,47,0.928,1.584153007,3D Writhe
1136,$5_1$,48,0.932,1.719703148,3D Writhe
1137,$5_1$,49,0.951,1.471407352,3D Writhe
1138,$5_1$,50,0.956,2.298320015,3D Writhe
1139,$5_1$,51,0.925,1.403109594,3D Writhe
1140,$5_1$,52,0.882,1.289175892,3D Writhe
1141,$5_1$,53,0.905,1.715451192,3D Writhe
1142,$5_1$,54,0.969,1.553611626,3D Writhe
1143,$5_1$,55,0.96,1.558563005,3D Writhe
1144,$5_1$,56,0.907,1.434954025,3D Writhe
1145,$5_1$,57,0.948,1.606730642,3D Writhe
1146,$5_1$,58,0.895,1.354312312,3D Writhe
1147,$5_1$,59,0.956,1.55200852,3D Writhe
1148,$5_1$,60,0.919,1.428469284,3D Writhe
1149,$5_1$,61,0.941,1.503963688,3D Writhe
1150,$5_1$,62,0.941,1.55880901,3D Writhe
1151,$5_1$,63,0.923,1.399307472,3D Writhe


1152,$7_1$,0,0.949,1.337889771,3D Writhe
1153,$7_1$,1,0.962,1.322474925,3D Writhe
1154,$7_1$,2,0.945,1.303121148,3D Writhe
1155,$7_1$,3,0.936,1.331955841,3D Writhe
1156,$7_1$,4,0.964,1.499026566,3D Writhe
1157,$7_1$,5,0.969,1.368493302,3D Writhe
1158,$7_1$,6,0.967,1.410533932,3D Writhe
1159,$7_1$,7,0.969,1.484202207,3D Writhe
1160,$7_1$,8,0.956,1.291706864,3D Writhe
1161,$7_1$,9,0.959,1.37053255,3D Writhe
1162,$7_1$,10,0.965,1.337928969,3D Writhe
1163,$7_1$,11,0.968,1.347562554,3D Writhe
1164,$7_1$,12,0.974,1.37495271,3D Writhe
1165,$7_1$,13,0.939,1.270202854,3D Writhe
1166,$7_1$,14,0.945,1.33040878,3D Writhe
1167,$7_1$,15,0.991,1.413904488,3D Writhe
1168,$7_1$,16,0.931,1.282715444,3D Writhe
1169,$7_1$,17,0.968,1.318617849,3D Writhe
1170,$7_1$,18,0.991,1.515814333,3D Writhe
1171,$7_1$,19,0.983,1.422205504,3D Writhe
1172,$7_1$,20,0.977,1.461730198,3D Writhe
1173,$7_1$,21,0.988,1.441653875,3D Writhe
1174,$7_1$,22,0.981,1.457124014,3D Writhe
1175,$7_1$,23,0.981,1.387545191,3D Writhe
1176,$7_1$,24,0.978,1.393889122,3D Writhe
1177,$7_1$,25,0.948,1.331486855,3D Writhe
1178,$7_1$,26,0.966,1.298160268,3D Writhe
1179,$7_1$,27,0.954,1.312556238,3D Writhe
1180,$7_1$,28,0.983,1.381036944,3D Writhe
1181,$7_1$,29,0.988,1.406533834,3D Writhe
1182,$7_1$,30,0.98,1.59313327,3D Writhe
1183,$7_1$,31,0.957,1.313200339,3D Writhe
1184,$7_1$,32,0.989,1.58784695,3D Writhe
1185,$7_1$,33,0.977,1.428909904,3D Writhe
1186,$7_1$,34,0.959,1.380026881,3D Writhe
1187,$7_1$,35,0.963,1.295420426,3D Writhe
1188,$7_1$,36,0.976,1.462124095,3D Writhe
1189,$7_1$,37,0.979,1.31915811,3D Writhe
1190,$7_1$,38,0.977,1.448768176,3D Writhe
1191,$7_1$,39,0.964,1.37219902,3D Writhe
1192,$7_1$,40,0.94,1.31705417,3D Writhe
1193,$7_1$,41,0.972,1.390311304,3D Writhe
1194,$7_1$,42,0.985,1.458364796,3D Writhe
1195,$7_1$,43,0.983,1.487888016,3D Writhe
1196,$7_1$,44,0.978,1.390543734,3D Writhe
1197,$7_1$,45,0.975,1.381579507,3D Writhe
1198,$7_1$,46,0.98,1.379306462,3D Writhe
1199,$7_1$,47,0.962,1.306869897,3D Writhe
1200,$7_1$,48,0.985,1.380154914,3D Writhe
1201,$7_1$,49,0.968,1.36865055,3D Writhe
1202,$7_1$,50,0.986,1.446337363,3D Writhe
1203,$7_1$,51,0.983,1.34847059,3D Writhe
1204,$7_1$,52,0.967,1.345080649,3D Writhe
1205,$7_1$,53,0.961,1.373135693,3D Writhe
1206,$7_1$,54,0.966,1.367481682,3D Writhe
1207,$7_1$,55,0.955,1.306461719,3D Writhe
1208,$7_1$,56,0.97,1.514531697,3D Writhe
1209,$7_1$,57,0.984,1.811534171,3D Writhe
1210,$7_1$,58,0.981,1.514426417,3D Writhe
1211,$7_1$,59,0.944,1.303953853,3D Writhe
1212,$7_1$,60,0.987,1.497537484,3D Writhe
1213,$7_1$,61,0.983,1.456395547,3D Writhe
1214,$7_1$,62,0.974,1.399686723,3D Writhe
1215,$7_1$,63,0.98,1.390015716,3D Writhe


1216,$8_{19}$,0,0.954,1.481044493,3D Writhe
1217,$8_{19}$,1,0.964,1.427978906,3D Writhe
1218,$8_{19}$,2,0.956,1.47678999,3D Writhe
1219,$8_{19}$,3,0.965,1.444930913,3D Writhe
1220,$8_{19}$,4,0.93,1.286655857,3D Writhe
1221,$8_{19}$,5,0.953,1.439938111,3D Writhe
1222,$8_{19}$,6,0.924,1.378347415,3D Writhe
1223,$8_{19}$,7,0.946,1.371913195,3D Writhe
1224,$8_{19}$,8,0.955,1.349014866,3D Writhe
1225,$8_{19}$,9,0.959,1.422722013,3D Writhe
1226,$8_{19}$,10,0.949,1.36388199,3D Writhe
1227,$8_{19}$,11,0.947,1.449892215,3D Writhe
1228,$8_{19}$,12,0.946,1.342213318,3D Writhe
1229,$8_{19}$,13,0.957,1.693026218,3D Writhe
1230,$8_{19}$,14,0.94,1.431355829,3D Writhe
1231,$8_{19}$,15,0.944,1.446415219,3D Writhe
1232,$8_{19}$,16,0.957,1.473236965,3D Writhe
1233,$8_{19}$,17,0.945,1.420783431,3D Writhe
1234,$8_{19}$,18,0.91,1.348939526,3D Writhe
1235,$8_{19}$,19,0.971,1.500151406,3D Writhe
1236,$8_{19}$,20,0.979,1.419655338,3D Writhe
1237,$8_{19}$,21,0.929,1.368515021,3D Writhe
1238,$8_{19}$,22,0.949,1.381054666,3D Writhe
1239,$8_{19}$,23,0.945,1.388717442,3D Writhe
1240,$8_{19}$,24,0.924,1.412390517,3D Writhe
1241,$8_{19}$,25,0.96,1.402860667,3D Writhe
1242,$8_{19}$,26,0.931,1.317599506,3D Writhe
1243,$8_{19}$,27,0.968,1.565608371,3D Writhe
1244,$8_{19}$,28,0.974,1.482961172,3D Writhe
1245,$8_{19}$,29,0.956,1.42442077,3D Writhe
1246,$8_{19}$,30,0.924,1.273674634,3D Writhe
1247,$8_{19}$,31,0.941,1.521722959,3D Writhe
1248,$8_{19}$,32,0.965,1.672582815,3D Writhe
1249,$8_{19}$,33,0.911,1.270834147,3D Writhe
1250,$8_{19}$,34,0.973,1.532954585,3D Writhe
1251,$8_{19}$,35,0.934,1.343641297,3D Writhe
1252,$8_{19}$,36,0.913,1.329725258,3D Writhe
1253,$8_{19}$,37,0.956,1.41918934,3D Writhe
1254,$8_{19}$,38,0.97,1.432965293,3D Writhe
1255,$8_{19}$,39,0.947,1.410506561,3D Writhe
1256,$8_{19}$,40,0.936,1.334310307,3D Writhe
1257,$8_{19}$,41,0.963,1.386154006,3D Writhe
1258,$8_{19}$,42,0.961,1.465864128,3D Writhe
1259,$8_{19}$,43,0.913,1.268161236,3D Writhe
1260,$8_{19}$,44,0.959,1.472869408,3D Writhe
1261,$8_{19}$,45,0.936,1.365510359,3D Writhe
1262,$8_{19}$,46,0.948,1.426653745,3D Writhe
1263,$8_{19}$,47,0.963,1.504720416,3D Writhe
1264,$8_{19}$,48,0.947,1.449231005,3D Writhe
1265,$8_{19}$,49,0.949,1.463133356,3D Writhe
1266,$8_{19}$,50,0.962,1.671009206,3D Writhe
1267,$8_{19}$,51,0.936,1.389800409,3D Writhe
1268,$8_{19}$,52,0.956,1.364490143,3D Writhe
1269,$8_{19}$,53,0.96,1.4487111,3D Writhe
1270,$8_{19}$,54,0.958,1.453166477,3D Writhe
1271,$8_{19}$,55,0.956,1.454094127,3D Writhe
1272,$8_{19}$,56,0.975,1.595870052,3D Writhe
1273,$8_{19}$,57,0.953,1.506333556,3D Writhe
1274,$8_{19}$,58,0.975,1.528980053,3D Writhe
1275,$8_{19}$,59,0.919,1.373367725,3D Writhe
1276,$8_{19}$,60,0.924,1.283814764,3D Writhe
1277,$8_{19}$,61,0.942,1.408808794,3D Writhe
1278,$8_{19}$,62,0.951,1.377498255,3D Writhe
1279,$8_{19}$,63,0.965,1.457087637,3D Writhe
